year,month,Beijing_Aotizhongxin,Beijing_Changping,Beijing_Dingling,Beijing_Dongsi,Beijing_Guanyuan,Beijing_Gucheng,Beijing_Huairou,Beijing_Nongzhanguan,Beijing_Shunyi,Beijing_Tiantan,Beijing_Wanliu,Beijing_Wanshouxigong,Tianjin_Beichen,Tianjin_Dazhigu,Tianjin_Disi,Tianjin_Hanbei,Tianjin_Hangtian,Tianjin_Qianjin,Tianjin_Qinjian,Tianjin_Tuanpowa,Tianjin_Yongming,Tianjin_Yuejin,Baoding_Dibiaoshuichang,Baoding_Huadianerqu,Baoding_Jiancezhan,Baoding_Jiaopianchang,Baoding_Jiedaizhongxin,Baoding_Youyongguan,Cangzhou_Cangxianchengjianju,Cangzhou_Dianshizhuanbozhan,Cangzhou_Shihuanbaoju,Chengde_Kaifaqu,Chengde_Ligong,Chengde_Tielu,Chengde_Wenhuazhongxin,Chengde_Zhongguoyinhang,Handan_Congtaigongyuan,Handan_Dongwushuichulichang,Handan_Huanbaoju,Handan_Kuangyuan,Hengshui_Dianjibeichang,Hengshui_Shihuanbaoju,Hengshui_Shijiancezhan,Langfang_Beihuahangtianxueyuan,Langfang_Kaifaqu,Langfang_Yaocaigongsi,Qinhuangdao_Beidaihe,Qinhuangdao_Diyiguan,Qinhuangdao_Jiancezhan,Qinhuangdao_Jianshedasha,Qinhuangdao_Shizhengfu,Shijiazhuang_Fenglongshan,Shijiazhuang_Gaoxinqu,Shijiazhuang_Renminhuitang,Shijiazhuang_Shijigongyuan,Shijiazhuang_Xibeishuiyuan,Shijiazhuang_Xinangaojiao,Shijiazhuang_Zhigongyiyuan,Tangshan_Gongxiaoshe,Tangshan_Leidazhan,Tangshan_Shierzhong,Tangshan_Taocigongsi,Tangshan_Wuziju,Tangshan_Xiaoshan,Xingtai_Dahuoquan,Xingtai_Luqiaogongsi,Xingtai_Shihuanbaoju,Xingtai_Xingshigaozhuan,Zhangjiakou_Beibengfang,Zhangjiakou_Renmingongyuan,Zhangjiakou_Shijihaoyuan,Zhangjiakou_Tanjichang,Zhangjiakou_Wujinku
2013,1,NA,NA,NA,NA,NA,NA,NA,NA,NA,NA,NA,NA,154.8231293,150.8548168,NA,NA,148.5343203,135.2027027,171.5106082,NA,131.3909774,129.098,NA,246.0686767,278.9944134,NA,273.9416667,NA,NA,NA,NA,85.56811989,90.86813187,78.0027027,76.26045884,85.39487871,284.6309192,306.1201354,268.8414465,288.173913,250.5348189,235.0157819,228.9312865,NA,260.993007,215.8262712,112.5182186,137.8830084,66.54317549,124.5881561,117.3821023,134.0791667,NA,NA,336.1657303,299.3733154,363.7626194,348.3765903,210.5060729,191.7394958,210.1801802,223.3153846,296.8330976,216.097035,279.3819095,315.6974432,290.0877437,384.3304598,58.86312849,61.90540541,77.01525659,64.60689655,55.56474259
2013,2,NA,NA,NA,NA,NA,NA,NA,NA,NA,NA,NA,NA,112.8772803,102.8275862,105.1766304,123.200299,115.1152074,112.6289593,114.3398204,NA,111.2537037,113.3880126,193.7481884,188.9953846,164.5641422,198.5850467,175.7006173,177.2534562,137.8854167,142.969278,138.0134529,49.41693291,69.85863095,50.46577381,53.97466468,62.61755952,202.3269231,NA,189.1156773,194.2872024,167.3343465,160.7630402,164.2546875,139,141.1071429,134.8152012,77.24553571,98.80505952,49.49107143,85.09077381,86.15582451,141.745509,235.061194,206.2202381,240.6068759,225.5517241,240.952381,238.5580357,128.1047957,129.761035,132.6071429,125.3979136,137.5343284,138.6815476,204.7241379,211.7406855,210.3028919,239.2343988,52.80803571,49.78045113,60.35982009,45.72628305,34.35053381
2013,3,110.0927419,98.91666667,95.70564516,108.4320323,102.719086,108.8413978,98.29916898,106.7701613,106.0055325,105.7503374,110.2728495,106.6989247,100.2709984,NA,NA,NA,NA,NA,NA,NA,NA,NA,NA,138.3814714,118.0216509,138.0462585,133.2612859,126.8429752,90.85733696,90.65803815,91.46467391,67.02021563,73.13488372,63.96505376,60.59299191,61.04456825,110.7082495,NA,104.1299053,118.3278237,97.14709852,91.58130081,98.9757085,126.6070941,125.3616734,134.4549237,74.58008075,92.69337442,48.68082192,85.29569892,82.32421341,98.36543909,132.3857527,134.1709287,135.0067204,133.0040431,134.3167116,133.7567204,124.0752688,121.6397849,130.8716216,126.4219178,134.7023644,127.8293011,121.0843537,103.345679,129.7741497,129.1089918,54.40958269,42.45392954,40.96944444,37.89659864,NA
2013,4,62.75138889,59.33147632,55.20650636,65.27399166,59.48953975,65.57348703,57.49860724,57.11173184,57.52719665,60.53835425,66.41759777,78.85236769,71.72551929,68.22354694,68.96860987,NA,72.18290855,77.32617188,78.01803279,NA,63.60113422,78.30182927,77.66520788,62.07883212,69.60056259,83.31320225,73.19966997,NA,69.73286713,57.25072046,70.10939691,38.86918605,49.78932179,37.08029197,38.2592068,38.49711816,NA,NA,91.12888889,101.686,65.56090652,65.05497771,79.41560284,78.44865719,76.94366197,80.78297872,49.37931034,51.75691412,30.20375723,52.57228018,53.20233463,66.47126437,92.16761364,99.38547486,98.81223922,91.30041725,88.07843137,93.36871508,78.86287625,72.31504923,92.13642757,77.30747126,81.78830964,78.56435644,105.5797317,84.71171171,107.6448737,100.8431373,NA,42.70735294,30.28794326,27.22256569,30.84062059
2013,5,84.98787062,83.07142857,71.40226629,91.32479784,81.58915835,82.2704918,72.19475655,77.0309973,79.89068826,80.36473755,93.01347709,81.79273217,90.99722992,53.07623318,74.14548023,86.50413223,122.4283747,83.46889952,91.95039683,NA,71.33732877,89.60622463,83.64113475,65.56232687,74.92090395,98.29846154,92.17202797,95.08135593,108.9818182,72.24091521,71.2574124,49.77309783,53.1417004,42.29649596,45.69448183,42.5141319,111.344086,93.45454545,102.1774415,90.78139535,84.31048387,75.62942779,82.53315291,123.3850575,97.88814016,79.11631664,58.27260459,67.35935397,34.66983696,62.02390999,65.9052774,81.7125,102.6629526,117.0635995,112.6553596,126.0951087,106.3910615,101.986541,91.03527815,87.22567568,102.5042254,92.35087719,96.5567867,95.92231638,105.1096076,101.5141319,111.422611,105.3762518,NA,40.106469,44.0541272,30.180937,41.59279778
2013,6,106.2259414,83.64316547,85.52094972,108.8463811,106.8563459,106.9071537,76.69957082,108.6987088,105.713491,110.5913529,120.5670391,108.4863506,101.9931034,100.896648,91.62205882,87.18246869,90.82151589,81.34330709,94.04922644,115.9413854,117.9831224,104.1554622,124.8839161,128.5833333,93.30027933,124.5980529,107.693617,129.8272727,115.8421829,99.55354659,99.0566343,58.63084112,58.75695461,48.76198083,50.78540146,51.84561892,128.0138889,117.551773,88.92178771,128.7863128,116.4049347,105.1908078,118.7111111,98.14923291,102.6069444,108.9898844,52.71594203,83.07594937,34.73611111,63.72803347,21.42361111,87.10320781,122.4532775,123.3089888,120.1529903,143.1099707,130.5634807,125.2847222,104.3089888,106.5665236,130.6835443,118.190409,96.80307263,120.6464646,132.0152778,133.5580737,126.0071124,120.545977,45.09829868,41.32773109,38.78199719,34.92274052,41.50859599
2013,7,68.91129032,61.97715054,54.01267606,73.5621547,68.55172414,63.57880056,62.09946237,75.43589744,74.87961165,69.37146703,75.80080754,68.32210243,74.70014347,78.72687225,75.9255751,74.79289026,69.29754601,59.17518248,83.29906542,84.18673884,76.92016238,86.31664411,77.16438356,90.08448753,75.5483871,85.07260274,81.58445441,NA,83.93248175,61.94892916,58.04973118,47.9076087,49.26027397,33.55135135,32.57795699,33.94459459,96.61693548,91.77369165,78.52355316,100.7039031,69.83736559,95.47415066,74.26805556,74.21862348,70.74327957,67.17385257,47.00945946,65.59703504,30.26612903,54.26415094,34.99865229,54.58508604,80.1737931,81.34501348,71.51816958,69.27375887,79.43495935,76.01480485,NA,78.0577957,95.59757739,76.82137834,62.3699187,86.62903226,113.1664336,103.8854749,96.71546961,101.1036415,37.4959217,33.85597826,28.68221574,28.9904502,30.21236559
2013,8,62.23822342,55.35080645,49.79166667,64.67908309,61.56451613,58.68236878,56.19758065,68.11843876,60.47779273,64.23790323,67.03633917,59.42722372,80.76098901,76.77209945,63.39112903,NA,83.1875,55.14738806,90.48840382,84.30499325,82.31401617,82.68870523,73.82123656,72.96103896,70.73180593,75.50672043,76.54883081,80.37853107,78.51078167,NA,60.93905817,46.5206044,48.25942029,39.07133244,38.05645161,34.5201669,58.37142857,65.53918919,68.3243607,64.71861472,84.71774194,91.42942943,73.16707022,81.33557951,66.30248619,64.22307692,65.65814266,74.10377358,41.36233951,75.41654357,67.02853261,59.77506775,79.25672043,82.7039031,73.69623656,63.57957958,85.82219061,79.82860999,NA,97.23655914,NA,85.39112903,76.49147727,95.95013477,112.3521127,101.692517,106.3751687,90.96527778,47.5170068,35.40499307,32.35772358,29.67607527,30.48780488
2013,9,79.16828929,73.30277778,63.18296089,85.27083333,79.93463143,80.32635983,68.99443672,82.16411683,72.48333333,80.55944056,86.80667594,61.13604488,88.21248143,83.78581363,55.94011142,61.40585774,73.70745429,77.16638655,88.58,77.45531915,78.3687231,85.67002882,54.33751743,104.1332209,93.5958042,98.03888889,100.0595238,141.310705,80.03333333,92.37104072,66.40138889,46.36541144,47.67751479,39.45340751,39.85195531,27.21067416,79.22067039,98.14825175,122.0489614,92.56692913,99.27871148,101.0042313,105.2548747,89.83926031,87.62044818,79.50847458,52.3164557,53.29565217,63.97774687,63.74710983,48.12430168,93.33611111,132.0294944,129.3513889,124.8094576,139.5588235,140.7597765,130.2279635,NA,88.26917713,NA,99.21309192,102.8520626,105.546003,149.4185714,142.6722222,131.8927577,136.0282486,44.08333333,42.91376912,29.85603715,28.03899721,39.0990099
2013,10,95.24091521,82.68733154,73.56534091,103.1157601,96.6509434,95.95026882,77.56469003,97.08086253,83.16129032,95.13728129,104.0471698,99.10632571,101.3716216,91.78378378,63.94293478,69.0265625,84.97560976,83.82541899,86.22402159,90.40599455,79.02213001,90.32244318,137.9284712,158.8507692,167.1632089,137.3465517,142.1030043,133.105042,96.9011236,95.26955075,88.93145161,56.28317373,65.52367688,49.55571848,53.38030096,47.6027972,125.4939435,119.8436658,138.7541436,135.1263441,124.1849315,108.9429764,122.7244202,95.0782726,120.6077098,94.78319783,69.80148148,58.80246914,90.55225989,73.20189702,60.45619835,151.9919355,180.3711864,168.9380888,173.4892473,190.1142473,194.2918288,184.1922043,106.6808176,101.0269886,129.312076,110.1975806,127.4303112,117.2795699,206.4713287,169.2718447,169.5969945,196.4338336,53.69282815,54.3490566,36.34722222,32.95822102,24.10162602
2013,11,77.45682451,60.77916667,47.30694444,83.12256267,79.53685675,77.45670391,58.55493741,83.51253482,66.93463143,80.38611111,87.31293463,84.41724618,124.3445693,114.7504244,81.18888889,91.75035063,104.2990264,90.12658228,117,99.7367688,96.68011127,108.0800654,146.0187793,130.1689751,175.8078358,131.3896797,131.5918033,127.4992459,111.5298507,96.32884903,105.835443,46.06564885,55.52694611,42.98735955,44.91066282,41.70375723,125.4517483,112.8909613,135.943314,111.0139665,102.1754875,103.9971871,105.2077364,99.61991585,118.7173489,103.488764,78.9212828,76.53963839,87.06805556,75.39305556,74.58851675,87.61871508,134.5047619,122.4005563,132.1841004,130.4923313,NA,135.96,104.7302752,117.3737374,134.1276297,121.6902405,140.9203911,125.0625,117.0583215,116.3274854,124.7657935,156.7750716,48.82821229,47.74014599,47.5295858,41.3022508,38.52045134
2013,12,76.79138627,67.14516129,51.84387618,85.72274563,83.44952894,81.30241935,59.94233474,87.92462988,64.60781671,85.12634409,104.45,92.41991925,120.619403,133.377261,83.05502392,100.7346939,112.375,127.5060659,109.6757282,125.255751,111.5959459,126.8545861,NA,211.8763889,207.9536785,195.5847222,187.4138399,187.5621521,144.2680723,132.0544629,134.7210777,48.18628912,65.19220056,49.11455526,40.04871448,43.11357341,236.5496503,230.2897196,252.125,214.0236769,218.776848,221.8899721,205.0647887,NA,NA,145.4315642,64.12270804,73.66864785,69.83018868,64.39213026,67.3512786,124.9837997,280.8333333,178.0565771,299.5878378,269.5059524,NA,214.9964789,135.0243902,124.7213115,135.5702592,127.2634643,132.6910714,136.2793522,213.0890805,283.9380282,228.4205298,281.7413074,53.31390135,40.75348837,49.38446602,30.37833037,33.77823691
2014,1,95.71680217,87.71212121,71.24549237,104.8160763,101.2079343,103.9432133,86.66712142,106.0108992,93.65663475,98.90745856,110.5054348,115.6810585,123.1141618,116.2990398,86.87972973,102.698762,108.2358643,119.2367347,108.9417758,104.0936228,111.5410765,121.9026275,245.0215054,248.6972973,186.1331484,232.391129,220.7352151,176.7357724,148.0444744,133.1236559,133.6774194,62.77792916,72.95013477,59.88963661,63.79497908,61.83602151,192.6263736,180.8669355,235.6680108,179.891129,194.2471751,201.1370968,176.4902778,136.1144011,155.6714697,146.7873486,72.66272189,75.93413978,90.33107191,79.91644205,89.15633423,125.6242775,262.9183673,232.0793011,270.97787,288.3731988,265.1006803,242.6178344,149.5009242,126.2715054,147.7398922,138.8534946,141.6963563,145.3803763,238.1881051,287.4086022,226.8195592,242.1357527,53.30913978,60.74566474,77.14148352,48.71467026,43.7234375
2014,2,144.3957055,138.6450617,148.8387097,149.3256528,145.3343606,150.8953846,147.7269891,150.6039755,155.0875,139.9128368,156.803681,152.2113565,108.3912387,102.0570571,71.5106383,81.8880597,84.86846039,90.45138889,107.2600897,83.59699248,80.3632287,98.92822967,195.1622517,219.9581465,176.7804878,211.34375,206.8330849,153.2571429,117.6532738,104.7797619,109.442623,113.3620955,122.9377845,99.5060423,121.3168909,95.50297619,172.1430723,181.4077961,162.086758,181.852459,152.2414307,142.8985075,147.9761194,124.7089041,143.8033613,152.124431,80.22272727,95.13233083,106.8333333,93.95015106,101.8933539,173.3691508,195.2286996,211.8839286,229.5164671,248.8663594,241.2336874,230.2065868,145.996997,127.561848,152.4126506,140.9,148.2444113,147.5171386,230.0866966,256.7799401,228.1,231.983631,121.5416667,121.8688525,112.8271405,110.6488095,107.3568
2014,3,98.93817204,86,83.39569314,100.0202156,94.50877193,98.85399449,90.22880215,99.83108108,97.76075269,94.02021563,98.77628032,98.66756393,113.1784232,113.7623066,100.7690217,105.4617486,110.6843575,127.0027663,118.1994342,110.2648276,112.5421853,115.0524138,124.9569314,143.6097561,125.5994513,133.469086,132.6002729,113.1422594,107.6043656,93.35483871,103.2804878,57.57596685,68.84864865,55.33242877,57.99594595,52.19556172,127.8184282,122.0983827,107.7110215,117.4193548,118.5882353,127.2108108,110.6777317,111.6225895,105.1201717,102.6092266,74.43895748,73.83911234,90.57650273,79.18010753,83.62237762,118.9186207,125.9191375,133.5645161,142.4815825,147.2144809,158.1528926,140.2809458,124.355102,109.2083333,134.7123656,123.1364865,125.2035398,129.4341398,152.3116531,167.9380888,137.534153,139.7937585,47.69402985,36.93026499,38.56699577,33.37759336,29.42834646
2014,4,100.8024502,105.5,87.51585014,89.93706294,90.52045134,94.76764706,84.91340782,86.59343795,87.80307263,85.02664797,92.57162726,86.68011127,87.84313725,94.53867792,82.04201681,79.87023977,79.39215686,78.69088319,83.71428571,87.9943662,114.2907303,88.14858841,80.09957326,100.4902778,94.86338028,94.43785311,64.08635097,93.78998609,86.03477051,68.68960674,81.32051282,46.09710145,39.67468175,42.30196629,48.28142857,37.01551481,98.45682451,101.6773296,102.325,95.04311544,83.19803371,94.60111576,79.2150838,88.90502793,86.88904494,77.35764376,61.15939597,64.85206259,77.43994413,66.3551532,59.54748603,90.94150943,95.15899582,108.2527933,104.7626404,117.2611732,123.100639,106.5168067,87.91655076,83.27083333,107.9235049,91.6689847,90.32172702,96.40890125,122.2851064,122.6241234,112.7367688,112.1139241,30.37770898,34.24205749,30.62736536,28.08651026,23.68541033
2014,5,71.61389646,54.05067385,47.42057221,64.09809004,63.50379919,68.93684211,52.20442478,63.70763889,64.64144022,64.79054054,63.60406504,60.35610098,80.99170124,63.70612813,63.10422535,77.59857143,58.24112426,78.64371257,67.13685637,80.79184862,77.53212291,75.75104895,73.51771117,75.68371467,71.36376022,71.32974428,74.76819407,62.88695652,70.86950549,70.76725304,64.62463343,33.54032258,48.20596206,36.15020298,31.65337001,27.79148936,72.92759563,66.95430108,59.46216216,65.90243902,63.21904762,67.83423181,67.37061995,68.78668478,66.91339648,61.10320781,43.59269663,29.73270014,39.22145805,31.57259159,44.49590164,68.47580645,76.50067295,69.30936228,81.76549865,82.625,81.44204852,78.40217391,79.04973118,68.57392473,87.73113855,74.25537634,73.42837838,79.14919355,86.47476126,88.97150611,82.63257066,85.20303867,25.11724138,19.76707531,23.92512077,22.59009009,16.51162791
2014,6,59.69874477,45.12191582,39.89619883,57.74058577,59.50139276,57.03366059,45.8992126,56.68907563,55.92827004,60.70944993,56.30952381,58.42215989,75.91994382,61.72931276,52.07632399,54.09550562,55.90044577,51.56714286,52.90973202,70.03402367,69.93053546,62.31994261,96.27437326,71.52513966,60.3748191,73.00842697,82.09090909,69.59103641,64.58064516,61.49929279,65.87482615,35.15811966,56.45911047,34.10481586,30.42324247,32.20277778,79.29247911,79.11871508,73.85064011,81.2005772,63.37935844,73.47361111,71.075,61.85933148,88.998557,56.99433428,41.5021645,32.6671875,45.95352324,33.79722222,40.99859944,89.05563282,76.32311978,85.82426128,83.67503487,95.57122905,75.1084507,88.19777159,79.47338936,75.96383866,86.83240223,73.8108484,67.83730715,82.9762901,88.69219858,95.34642356,77.47692308,80.90555556,18.65682138,17.60584958,22.36221591,20.45897079,NA
2014,7,93.44776119,84.29984544,78.74532967,99.21187584,88.37552743,91.19945726,96.50951049,82.82586926,95.40351351,92.17185386,91.25471698,85.73648649,82.76183844,79.61823362,65.71150729,73.06837607,74.10914052,69.82744565,77.1556157,78.24189189,87.54935622,73.27063599,97.50134771,92.34366577,86.57356948,81.94383562,91.90740741,81.89189189,95.46217331,73.07133244,76.93164933,63.71832884,74.7972028,56.42643052,48.10851648,53.83805668,94.06460296,88.04558011,86.56833559,84.04293629,72.02997275,85.09871245,83.87044534,76.4863388,80.83104396,75.4516129,47.15625,41.50149254,40.01536098,42.99731183,51.29411765,96.05921938,80.27725437,92.03095559,95.86290323,117.3413978,89.14594595,92.55630936,97.30499325,107.3898769,98.43530997,94.03950954,76.48849797,97.96500673,74.66168478,79.92027027,82.05427408,90.31961591,23.01412429,20.39112903,27.15135135,24.54520918,NA
2014,8,68.0606469,56.61009421,51.87333333,69.54811321,73.70404798,65.20447154,54.65326705,60.74764468,62.47108108,65.71183844,66.0756393,64.51145553,66.83383686,48.49722222,57.35253772,55.86126374,59.68690958,48.1829436,56.95675676,63.17837838,51.36927224,58.65283541,83.10857143,74.71736205,67.77142857,77.35390947,86.12668464,73.90971272,51.41310541,54.11978466,52.09690444,39.89878543,50.58117326,34.40376851,33.08086253,29.6571835,73.73414305,75.28129206,78.71447903,75.36877524,65.34366577,86.4602961,81.19002695,65.68175389,70.42722372,59.48707483,45.43406593,28.5237366,32.25631769,36.43951613,39.77088949,85.71756757,67.40860215,72.65322581,76.82860999,78.38659058,74.97321429,75.3208852,72.67272727,66.17934783,67.04810997,62.08870968,54.40456989,62.29931973,69.47352496,71.02291105,74.24561404,66.00557103,27.93740902,27.33602151,23.2122905,24.39891452,NA
2014,9,70.0408078,60.59623431,54.21452991,67.80739191,70.58641457,72.21824513,60.18409742,64.59391796,68.41433022,68.01404494,66.20698324,71.86509972,60.53015428,51.74094708,53.92939481,52.65677966,60.41666667,51.63126844,55.19382022,64.23743017,50.32311978,58.21008403,87.57518797,85.28631285,78.90267983,82.24645892,90.65320334,69.55446927,54.23636364,58.32083333,48.8718663,37.10104012,44.61142061,35.98472222,30.18611111,31.65555556,80.20617111,83.97222222,94.48364154,74.25277778,81.00972222,98.52891396,84.9125,64.94029851,67.0027933,61.36324786,39.0240113,26.12394366,34.18250377,27.31337047,36.13370474,56.20445063,66.50138889,73.96388889,70.06834031,74.31849791,65.57381616,69.60416667,68.12612613,68.1084991,NA,54.41340782,60.29073034,63.41446453,75.30555556,91.65972222,82.25869263,79.01357466,32.33994334,22.65277778,20.92614476,18.0432357,14.62075134
2014,10,125.7023977,113.0308123,116.603022,116.6870748,128.7062937,124.3084239,96.57692308,135.1191136,107.2878581,116.298984,123.379694,111.0042553,NA,NA,NA,NA,NA,NA,NA,NA,NA,NA,183.3472973,159.8642473,150.2845528,160.4851752,155.5007013,123.1309686,91.93026706,96.02043597,122.5255376,134.4837838,95.08843537,69.34139785,74.14538043,71.39752407,122.3562874,142.7822581,143.6371308,133.0927419,109.0655738,122.5416667,116.2741935,130.7622378,134.5635135,132.4032922,66.41690962,62.36501901,150.1312585,63.3414305,85.64769648,81.83557951,143.7228261,153.2732167,153.9343575,157.5053763,150.3056836,148.7070845,112.6869096,100.1908602,94.0188172,108.2284946,106.0672043,122.3521505,157.1255061,183.5673077,122.5604839,NA,55.39676113,32.06027397,17.61255116,28.41509434,15.80786026
2014,11,93.69971989,76.8383427,71.50739191,82.07717087,88.66553672,90.58433566,67.76870654,105.8856729,81.58653576,88.01402525,93.21375887,104.2692745,135.8973214,100.1015515,82.57957958,99.06214689,96.67766117,90.84545455,116.021097,127.9167927,105.2373596,104.4881119,189.6820084,150.976912,194.7142857,163.4407252,161.6251852,173.4491525,116.3904448,106.0793872,106.6755994,57.19487909,63.89290883,53.02924791,59.23988842,54.54102921,126.5293296,122.425,126.6256983,121.8977591,123.8208333,130.2244318,129.4064246,115.5625899,122.4810659,115.3122363,85.06666667,NA,81.24434389,67.73435327,90.86414566,84.90277778,121.8550933,115.8555556,128.666185,130.9388889,119.7872045,118.1564723,116.0534918,120.6099291,105.4728033,126.4387187,108.9002809,133.6263889,138.8286908,139.5584958,127.7802503,133.8932584,39.9494382,30.84239888,30.61388889,31.00973574,35.20598007
2014,12,55.60981912,50.97530864,47.12328767,52.91877608,59.83129252,58.19902913,44.59776848,75.25207756,49.94388889,68.34483871,61.04013605,66.94022346,116.7087518,97.16442049,96.41242038,96.37573099,110.2019915,92.12022631,100.3917963,133.115493,107.2310811,98.05601093,194.5720054,188.3238866,200.6253369,177.0645161,172.6096774,178.0739247,101.8454172,97.50204082,98.48717949,40.054242,38.2574124,39.18707941,47.55316285,41.87719298,127.742284,126.2903664,119.5058309,120.5430108,108.5762943,110.2315202,122.7289073,88.7806354,102.3672087,98.10284168,67.40776699,NA,67.27063599,56.78869448,71.06060606,69.37077131,141.2523617,106.9408528,132.0082079,136.4870396,124.2900137,116.3351279,105.7715134,118.8652291,95.12533693,118.9314516,96.81426649,111.4327957,113.122807,130.2064777,105.1,127.8173077,19.58540373,35.03230543,34.83423913,30.87449393,24.56709957
2015,1,91.72394558,96.67548209,85.76150685,101.1407407,95.33497942,95.38240866,80.58196721,108.0014966,99.59107143,102.0715447,98.07523681,103.7926928,109.8122449,94.33751743,110.1282051,94.12803235,100.2795115,100.9016173,91.47574124,110.4626866,101.7254374,94.2705249,223.7685061,202.5905405,198.025572,187.5356662,185.0929919,191.9125168,97.76280323,92.61372813,89.81756757,54.56005398,42.07133244,52.88963661,58.7577389,52.99057873,144.4289617,157.4374159,148.1875843,148.6521739,137.7940781,145.7001357,149.8662069,97.3027027,119.8674863,101.7833109,75.28694405,77.40296496,76.11989101,63.60026918,83.44039735,100.8294036,159.8358008,152.3734777,152.5081081,167.9851952,137.1778976,144.3615591,104.2486413,118.8070175,92.94085282,116.8142665,97.6472973,112.7913863,175.4696356,176.226158,162.0095368,172.0689189,19.50612245,39.72274563,44.9730821,36.43068641,35.52876712
2015,2,85.54354354,86.89774436,81.00744048,109.1951952,93.35074627,95.17436662,80.07961019,101.206278,91.64723468,96.51569507,93.21823617,103.2556054,89.39583333,74.97010463,79.53453453,77.48053892,77.35249622,90.3735119,68.41517857,81.75336323,83.37257824,74.63731343,173.7839046,170.5238095,153.5842027,152.3541667,151.6889881,158.1488095,80.77846154,84.12797619,74.46279762,53.39195231,45.53153153,51.32886905,52.97268589,54.37817638,104.041791,110.3050595,104.2,125.7819549,105.0406015,118.952381,124.7735562,98.23203593,105.3591654,100.5844544,76.59118541,75.00447761,71.66566717,59.86309524,73.21818182,89.88082902,121.4494048,110.889881,114.2552553,133.2083333,115.0818452,99.10416667,93.45901639,106.90625,93.01492537,92.56018519,88.64434524,96.7224736,140.6949405,141.1137725,138.2203125,144.0520833,19.11904762,34.67563528,30.26934524,23.07440476,29.62835821
2015,3,88.30881543,77.98287671,74.79512195,93.68663029,85.38256131,88.72892224,86.71757493,93.89668508,88.31880109,88.07205479,84.93038147,87.91256831,78.61434371,69.77235772,69.27868852,63.05691057,67.02291105,74.64150943,65.39918809,83.59562842,67.68151147,66.62414266,119.8561828,114.8884409,109.8232119,107.218035,107.1690141,109.0687332,71.53668478,71.15994624,63.78091398,53.7016129,47.84677419,48.49731183,52.14824798,49.59408602,78.07744565,84.89687924,77.58322057,95.64060357,81.97711978,92.84615385,86.08333333,84.51756757,93.42530283,86.71639785,67.41263441,54.68342391,70.74560217,63.59663866,66.89784946,93.01349528,98.88933873,89.63172043,88.53108108,111.7607527,92.37466307,84.52419355,92.70684932,99.74324324,92.67741935,91.8655914,87.35215054,99.03225806,96.21832884,95.36891892,92.9541779,95.91363023,54.22099448,41.99460916,43.51556157,38.35492578,35.90650407
2015,4,75.66885965,60.88276836,56.23915493,76.90832158,73.01271186,72.00979021,69.66885965,77.24891462,73.79320113,72.43669986,74.13461538,73.02564103,76.28391608,66.54937413,77.63737796,62.38319088,66.12061711,67.37222222,73.04985755,92.36931818,64.47559275,63.53511236,77.65271967,88.2837274,81.02453102,83.31154381,73.34353268,86.11095306,63.78351955,61.29207232,56.90042076,38.25104603,37.4041958,34.74722222,36.23365786,30.95689655,74.7006993,76.81641168,65.06619718,71.88300836,65.94166667,80.05799151,68.34305556,73.08111888,84.02710414,72.21037868,59.08163265,57.06610408,52.88681948,52.65416667,53.23472222,74.53064067,84.84005563,81.17966574,81.13888889,87.00833333,74.11048951,59.87535014,88.09335219,92.62623413,95.92350487,81.28005658,87.25637394,105.6388889,72.59444444,72.29986053,70.06433566,61.96595745,35.61173184,35.12934631,36.29722222,30.52753623,25.29535865
2015,5,59.34682861,53.17174515,46.08005427,59.9789916,55.4833795,57.78522572,52.29512855,59.44583333,58.10878378,53.66938776,58.67206478,51.40830946,51.74560217,48.64411367,54.19407008,48.86295181,49.77166437,51.10968661,35.59485095,64.55191257,47.27469553,43.12236287,64.29452055,69.83884298,70.13233288,64.52380952,56.25442177,61.56027397,56.57336957,53.23149394,50.243607,38.77792732,32.45430108,32.43876178,33.05645161,32.68108108,60.63661202,60.98777174,68.62482947,62.05842391,58.70295699,72.05787349,57.24450549,54.81107955,64.12415655,56.99171271,45.604426,45.17385445,40.55989233,39.11176471,46.6061828,75.43902439,70.64199192,66.16893733,55.58467742,75.52419355,50.65994624,39.71236559,80.40162822,84.92065663,89.44892473,80.29604366,84.63844086,87.50537634,71.85983827,54.68630137,66.05492958,53.93108108,38.3494152,35.78561737,35.65053763,29.76986301,24.3197756
2015,6,62.97518248,56.93057607,50.57294282,66.13700565,62.18207283,64.79710145,54.22143865,63.87394958,64.88720113,62.02124646,61.68347339,59.40368272,59.73579545,57.02535211,65.34221599,48.96607431,47.51493599,66.14,60.58274399,75.07152875,63.59484067,50.7856072,58.07660167,64.68085106,70.84033613,64.55133615,51.52180028,53.87604457,55.03536068,61.60555556,57.21974965,46.91098748,30.76793249,38.72011252,34.58437936,40.49567723,67.87570621,70.51671309,76.21089385,73.37749288,64.90363128,75.11961057,63.36592179,56.6765625,61.49264706,60.88472222,33.29230769,41.89305556,32.767507,33.57997218,44.57681564,79.06406685,62.9887165,61.46293706,52.80959097,95.5,49.25972222,49.05578801,71.08055556,67.70862801,73.02390999,67.56652361,72.15536723,67.26527778,86.06564246,62.532097,79.50070522,61.71308017,34.74384949,36.91335227,35.56388889,30.43943662,25.50948905
2015,7,66.36870748,56.17924528,49.48655914,69.12415655,67.63673469,61.60026918,52.25474255,56.94308943,62.20135135,65.12551724,64.07192254,61.95367847,50.03714286,46.55795148,60.43396226,44.41654779,41.61725067,51.53566622,46.6819407,78.41778976,49.80107527,42.86521739,57.20408163,70.46423752,81.0260631,57.98028169,54.4811828,80.83104396,52.44672131,64.61684783,42.19489247,41.50471063,33.16621253,32.32070365,29.57123656,34.94579946,66.73684211,77.05449591,78.32722144,85.14850136,77.58736559,85.47715054,74.62237762,45.66208791,57.57336957,48.44338336,34.1438172,40.92597577,41.59703504,40.33877551,44.04619565,86.4602961,68.66951567,82.09716599,57.18767123,97.1395664,54.73241379,63.43983402,67.75537634,61.05913978,76.97446237,70.25810811,69.87207703,67.63306452,108.218281,84.64305177,87.58707865,78.96413199,47.3294702,45.76708508,38.42780027,39.99134199,33.69614836
2015,8,45.03061224,38.35978112,35.02985075,49.46414073,51.21828104,46.30653951,38.0653951,41.80544218,43.71857923,47.95518207,46.84856753,46.56865465,51.74562584,47.11693548,61.48924731,48.79212598,45.21997301,52.72380952,49.3844086,68.69583333,55.86002692,46.00291971,56.74154263,72.36054422,69.01630435,62.59601707,60.8923284,88.6707989,52.22191781,57.75675676,46.9027027,29.11621622,22.46837147,26.52150538,22.82123656,26.02150538,78.91689373,70.81049563,64.01106501,80.87654321,77.78032345,79.72297297,71.63821138,45.43396226,56.63753582,51.84501348,34.86944818,29.70967742,33.58198925,25.72739541,32.39838493,79.07534247,63.22267206,48.80243572,84.5745938,59.26244953,65.16037736,67.25506073,47.23835616,45.29435484,55.16801075,51.5754717,53.65229111,53.22580645,79.41351351,72.66666667,62.50956284,73.22207268,30.1641791,24.97146739,35.43519782,25.94212651,17.58333333
2015,9,51.8175389,43.31676136,38.20621469,54.19295775,53.33239437,49.37321937,43.07213579,52.00736377,48.94092827,48.76170213,49.898017,54.16157205,46.73018081,43.22916667,48.80138889,45.38935574,38.92350487,48.72777778,43.90833333,62.66946779,43.43888889,41.42919708,59.35583685,68.23611111,69.08913649,58.94530154,54.85314685,62.82984658,38.12816901,37.13091922,32.74581006,26.60364146,29.18194444,25.20138889,25.60416667,24.98887344,61.44986072,53.4807418,49.03125,72.91193182,70.20416667,77.93333333,65.54208274,53.48049922,NA,51.94158554,15.0455192,18.48055556,17.37047354,13.66527778,10.05138889,42.43704776,41.80362117,31.48953975,48.08507671,40.8111588,38.16991643,53.24581006,36.87065369,37.55277778,43.57777778,37.83008357,28.54501217,43.22916667,61.52506964,60.08635097,48.1396648,54.90529248,14.74512535,28.05571031,36.91842475,31.98619632,20.7002924
2015,10,78.21351351,46.43847487,53.2995896,80.49591281,75.3512786,77.73279352,64.77329624,85.69366716,75.86103542,72.29054054,69.4109589,77.25651578,55.60941828,52.27346939,62.06948229,45.74782609,56.46776406,52.30529172,55.49931787,66.25287356,54.02578019,55.91412742,80.4439946,78.05434783,80.03150685,79.94868239,84.21563342,89.92847503,58.23246217,53.78125,48.98924731,36.70391061,31.17520216,32.96774194,34.2016129,31.2960969,69.65940054,64.63800277,59.61058345,65.57923497,88.22311828,94.39919355,85.84688347,80.17780939,76.40029112,82.32038835,28.93444909,29.77553763,30.36690647,17.93665768,22.63930013,35.94459459,45.50806452,47.86522911,63.97983871,39.62932227,44.58198925,56.02553763,66.27777778,65.67204301,79.00271739,75.60881543,65.2016129,71.75806452,59.58798283,75.15531335,62.21130552,65.49054054,34.26610644,40.35,38.56698241,32.08602151,26.85471406
2015,11,123.3854908,91.05766526,85.31117397,125.9452247,121.7108604,131.2818182,98.24328147,129.7714702,117.2475107,122.6246459,114.0971831,126.6676056,94.37810219,91.22955524,91.2965616,73.60632184,92.68587896,87.41405082,90.91091954,93.53111433,85.82183908,91.37583893,105.9956958,122.0590778,114.76901,97.89985694,109.5379113,118.6328012,93.68920863,109.481717,76.75146199,55.72554745,44.17580872,49.96905767,48.28712871,45.82885431,85.36834532,93.46848138,83.37354651,97.01149425,113.4020029,116.0042918,108.5970803,123.2969432,131.2905109,130.8274854,42.30676692,43.89090909,29.64662757,37.40336134,42.78041958,59.39111748,114.6618911,118.5057637,125.856094,112.9039882,123.4971264,123.1106322,96.20200573,92.52240896,120.3762238,108.5132867,92.41176471,111.0727273,114.3458213,114.0704846,126.5212766,121.5478645,46.10676692,47.7994228,37.48057554,36.43227666,39.59138187
2015,12,154.1632653,121.6161202,121.6513889,162.4355495,155.1170068,166.4741144,128.6438356,162.0613079,152.7950481,158.9523161,150.9972863,171.2014085,141.7705167,127.1713442,126.387574,112.4666667,119.4923077,126.4176829,144.9821429,142.7544379,124.5384615,129.4926036,204.2998523,261.3274074,220.1985185,187.310089,205.3485968,194.1795252,144.2470238,149.4517088,120.117037,74.07469512,51.06917293,72.03714286,72.55316092,74.76978417,169.9952381,189.7963801,166.9533133,178.2366412,202.6497765,203.5739645,207.7181009,144.3071786,151.2567164,176.0697329,81.13346228,79.49928673,73.3238806,70.56609195,72.71082621,104.4277108,147.0712074,176.3032544,199.8839428,149.0874811,159.7127976,162.9229584,124.4162963,137.517094,143.2914286,150.5007133,121.6062767,147.2396576,197.7646154,197.3762963,202.6752266,188.2245199,43.6751497,43.75928678,22.16691285,31.84444444,47.42975207
2016,1,68.13896458,54.26458616,53.67867036,69.4333782,67.30148048,76.46008119,58.97150611,70.28167116,70.17702703,71.38918919,66.95687332,75.85210312,86.16419919,68.01650619,69.39757412,65.41549296,72.77432432,79.93333333,85.8401084,92.33903577,71.66893733,82.57335128,146.509434,166.5316285,154.1151762,144.7752355,156.0040541,128.3257066,91.98068966,86.80108254,77.2749658,40.62466125,26.83220568,44.46837147,46.55464481,49.29597701,105.0821918,104.6391892,99.98353909,126.3093623,132.9717362,131.269774,137.4885599,89.8385346,75.09152086,86.66666667,41.35119048,43.45429741,42.17959184,35.71081081,39.12668464,88.17362046,136.0721088,128.8032564,136.7192982,119.5097222,137.1623816,134.6680328,72.36927224,85.08502024,85.68690958,73.69407008,69.73287671,85.12938005,104.5448276,153.9811321,139.2150685,121.2385445,27.95942029,30.78611898,29.06199461,23.38231293,26.59641873
2016,2,44.75867052,37.24528302,35.22011662,43.32611833,41.13400576,43.25180897,39.44843049,43.2925072,49.37971014,44.87590188,43.06831395,48.62083936,53.71037464,49.61616162,48.36167147,45.21331316,50.62283237,55.87931034,55.02318841,60.18649046,54.04637681,44.44239631,84.1566092,89.94452555,88.23275862,79.46264368,84.39193084,74.08045977,57.09090909,66.23512337,46.3303438,33.39825581,25.11637931,39.38872832,39.93650794,48.27218935,72.08827786,68.44202899,69.38150289,79.2283237,89.05467626,90.4454023,94.94729136,52.26878613,44.7381295,53.50503597,38.62643678,38.6057554,42.34492754,32.94949495,38.2658046,57.23884892,71.51176471,78.33429395,83.79295154,62.73568282,69.62931034,70.95977011,55.63976945,60.75,65.97976879,54.87301587,54.1352518,63.21613833,69.93832599,91.97640118,84.14905933,81.57412791,30.30354391,31.07391304,29.05475504,23.21524664,31.17205882
2016,3,102.4887324,73.45218579,82.38987688,99.88178025,94.96448087,98.37619699,82.65531335,93.98356164,97.54218534,89.91928865,94.29178082,94.58799454,82.7293956,84.81481481,80.36842105,82.03055556,77.26519337,90.36114911,82.05449591,100.813278,79.78367347,70.90247253,74.26739427,76.8372093,78.46857923,75.57123098,82.75308642,71.71350614,63.04644809,74.64027778,63.45706371,52.01125176,45.57740586,50.62106703,52.59556787,56.26193724,66.34387895,80.07103064,74.81155433,80.30586592,94.18181818,95.71156463,93.8852459,77.32517007,69.11554333,75.23023578,64.56849315,52.526603,65.98206897,70.74659401,65.52120383,71.60055096,83.91255289,96.02531646,89.25352113,81.64447592,76.34829932,76.89603283,78.59361997,84.20804438,94.19278779,84.2993007,76.16803279,92.75749319,89.54520167,89.15521978,87.1448468,88.61813187,32.36350365,37.86648122,39.0707483,30.2972583,39.9487909
2016,4,67.30994152,56.57404795,60.4807418,76.24242424,73.75779037,71.87339972,56.65942029,71.27311522,75.58761329,65.41860465,62.20338983,67.38961039,63.42898135,62.92242595,63.62073864,63.02686567,62.99859353,69.69295775,64.8561354,78.92,62.40849195,54.99717115,64.15104895,83.14950635,71.72931276,61.81123919,66.29278642,64.6227209,55.40196078,56.9368864,59.6022409,41.25879044,29.82615156,35.08873239,37.48671329,36.97749648,78.43521127,75.47293447,71.2826087,92.08148148,72.16901408,72.0070028,74.3220339,45.39093484,48.10578279,43.43723554,37.88888889,31.33099579,44.29230769,42.82773109,40.47308782,51.05091938,64.10970464,65.16925247,65.59830269,61.38309859,56.43874644,60.65007112,54.23631124,58.38515406,69.85834502,64.01256983,55.63456091,65.76858345,72.42568543,64.16596343,63.79407616,65.89635854,29.39007092,32.24684432,29.00562588,24.18767908,25.9431988
2016,5,53.35278155,50.45816187,50.54951185,64.08055556,57.03527815,59.85989011,47.74421769,54.27647868,49.14390602,49.20325203,52.55934516,55.74104683,60.5154185,59.6169297,51.20625889,50.50289017,53.32051282,51.29243937,46.6344239,68.85457271,41.36708861,45.75366569,67.43874644,82.71469741,64.55506608,57.23741007,67.2066474,61.05444126,46.7965616,46.43612335,45.45375723,35.62517883,22.38593974,28.41184971,28.51878613,29.61925287,36.96709585,44.51936872,44.55157593,44.79885877,55.0284495,56.50924609,58.0191458,34.18421053,46.47277937,38.86887608,33.82453638,31.34051724,35.93982808,38.37837838,37.65669516,45.05278174,55.50142857,59.24533716,62.20367534,54.16091954,52.92450142,49.73038516,45.98563218,48.3204578,60.51851852,52.18544936,49.09129815,47.0974212,53.55971223,52.38461538,52.94233687,48.21919771,24.89720999,31.83500717,27.25,22.73371925,25.41384615
2016,6,57.77053824,52.9943662,49.18245125,61.4469697,66.25874126,64.74474053,46.93305439,61.5821727,56.07052186,63.00282486,58.36427567,64.74845679,56.13018598,56.7035461,55.99281609,44.65538462,56.13617021,48.00878477,54.55413105,74.47922849,46.34188034,49.69984448,51.4852459,59.41917024,54.22561863,51.56998557,52.14428571,52.41117479,45.90489914,48.90724638,47.13112392,34.03857143,26.55391433,26.47521866,24.25820896,25.77616279,41.28652482,49.83,47.61870504,57.08477011,57.91316932,58.89650146,57.73245614,49.33527697,50.11094675,49.09672619,42.79737609,35.85109489,50.77934936,45.90101892,39.45114943,46.33528551,37.79621543,47.77507163,62.2514881,51.03545052,44.46989721,40.28794326,66.75036284,71.375,83.74117647,68.43970588,72.29154519,55.16642547,59.05908419,66.03741007,45.31277533,48.71942446,25.91858679,27.53665689,25.6742532,17.88719512,21.89799073
2016,7,72.24615385,54.66984993,57.08185539,78.41558442,78.19247467,70.18563686,58.18356164,70.72184532,63.55726257,70.94316644,70.77642276,74.1787176,55.14979196,54.82249322,41.0123119,41.65482955,54.37753721,53.6194332,59.61764706,76.9106383,53.35831063,51.7507837,69.72371968,81.02695418,67.04716981,62.9851752,74.44878706,69.26145553,52.06469003,57.9083558,55.53908356,44.34501348,47.73719677,34.04851752,32.88274933,35.07142857,48.0916442,53.64690027,44.4541779,54.70080863,91.76010782,73.01617251,83.82210243,57.78975741,55.43800539,58.11859838,33.91374663,40.57412399,49.6671159,41.07008086,33.14420485,59.9541779,67.22506739,69.16846361,57.04312668,65.76954178,67.9245283,62.23315364,58.04851752,63.13342318,62.17789757,48.3638814,48.82210243,49.00943396,66.9393531,77.50539084,49.64285714,66.17520216,33.90431267,43.27358491,52.23854447,30.42183288,30.91644205
2016,8,46.31793478,36.33333333,37.12414734,51.11382114,49.01081081,48.11756757,41.5170068,49.12668464,46.2431694,48.5893588,45.03918919,50.60298103,42.58485273,40.9099723,39.01519337,31.07097792,41.2632312,39.99710983,37.42836676,53.69794721,41.11500701,42.88412017,36.12965517,43.4662069,39.45241379,36.67448276,37.15448276,34.84,38.96965517,41.80137931,39.87586207,35.33793103,31.47310345,23.35724138,20.45517241,23.47172414,35.93793103,42.45103448,39.91862069,39.26896552,58.51034483,49.46206897,62.33931034,45.04,42.29103448,42.72551724,26.6662069,28.32275862,34.36275862,26.74896552,23.15724138,37.54344828,25.91586207,26.35724138,25.92551724,25.57793103,25.30758621,24.67310345,37.13241379,35.79034483,36.15310345,30.83724138,31.18482759,35.67172414,43.52,41.96275862,31.61931034,36.31586207,24.24,31.56689655,28.48413793,18.52137931,17.86758621
2016,9,56.48196248,45.37319885,43.71709531,61.35714286,58.04046243,60.18072289,45.7362963,60.3953824,50.9328125,56.64731495,53.54532374,58.29360465,53.76865672,54.67836257,47.2747093,47.11958146,56.69736842,48.37387387,56.07703704,60.85304054,57.55694228,51.69612403,56.43560058,55.25470333,70.8683068,68.37337192,64.18379161,72.15629522,49.54703329,33.00289436,48.01591896,36.98552822,26.58465991,25.15340087,23.74240232,25.2040521,46.5397974,51.06946454,46.80318379,69.16642547,39.7105644,48.25615051,53.16063676,45.82633864,38.74674385,39.9015919,35.33429812,36.54992764,42.2170767,36.83791606,34.57308249,64.30101302,88.14327062,92.37337192,66.42402315,80.99710564,78.00868307,76.87698987,62.24891462,64.58900145,67.20984081,61.9146165,63.6975398,66.1577424,74.5397974,68.35745297,62.72069465,57.40086831,23.05209841,27.47178003,23.51085384,17.62807525,15.22720695
2016,10,84.91734417,79.75169607,76.43134087,94.33380884,87.12295082,92.63464141,77.98243243,85.57027027,85.04694168,80.12890095,82.02306649,83.12059621,66.26008345,67.39944521,63.84087791,47.40992908,65.7100271,65.64569083,65.13132695,80.32142857,64.01768707,63.1713881,97.35047361,42.1962111,101.0663058,90.36941813,91.0879567,103.2313938,66.65493911,76.40324763,75.04600812,50.57374831,38.00135318,38.30311231,38.67117727,39.50744249,45.41813261,57.33017591,49.86197564,48.31258457,69.96887686,79.10284168,75.74154263,59.53450609,54.32746955,53.42760487,42.1285521,33.75101488,38.2435724,39.11637348,45.35047361,45.78755074,118.4790257,121.9905277,105.3423545,117.985115,115.6711773,117.0135318,69.90121786,70.0947226,74.37212449,75.20568336,70.99864682,77.46684709,90.48849797,86.89445196,78.15020298,73.54127199,40.33017591,41.14073072,41.59404601,34.20433018,31.13937754
2016,11,100.2538569,86.12273361,76.19915849,108.7597765,107.3762238,105.486676,82.97625698,105.3548387,94.43435754,100.0125698,98.91225627,106.632312,121.0497804,109.5576369,92.57767722,79.68821293,111.1366906,110.9505095,113.5912409,128.2678288,102.7223022,108.7845706,143.4446043,138.1827338,140.7021583,143.5597122,141.9985612,147.0532374,101.9079137,103.1223022,105.1007194,54.37697842,39.91079137,47.02589928,51.5323741,49.65899281,95.02014388,115.1784173,107.2460432,112.0129496,107.4633094,120.9784173,117.857554,94.14964029,86.9381295,88.76834532,69.19856115,61.08057554,61.65755396,65.14532374,72.03741007,77.56978417,169.7985612,165.1582734,161.8,167.7165468,164.2230216,171.8805755,105.1582734,109.3107914,109.1755396,109.7971223,108.4043165,117.8244604,124.294964,135.1280576,111.5956835,118,46.09784173,40.10647482,47.59568345,42.03884892,43.55539568
2016,12,132.1591837,109.2114598,94.55845942,149.5416098,142.3077975,133.7070151,90.85326087,146.1513437,117.6729986,143.5595075,126.0371389,156.990411,169.9774648,144.1986207,108.9971429,109.9591474,138.4303621,146.831044,153.7612994,143.8545455,120.0536451,139.303989,188.630137,195.469863,187.2520548,177.6589041,188.5287671,190.4561644,138.5178082,144.4561644,143.5260274,62.30136986,40.70821918,50.99315068,58.93972603,55.20410959,228.8123288,220.6479452,222.9671233,236.5917808,152.7821918,159.5630137,160.5616438,157.3150685,147.6054795,151.5479452,98.07534247,80.34794521,78.83013699,83.09589041,83.35616438,89.52191781,280.7273973,265.5712329,288.6712329,285.0863014,281.660274,262.8260274,131.4643836,153.3739726,147.5136986,152.4013699,144.8657534,151.0808219,193.4506849,187.2972603,178.9150685,191.8287671,39.96027397,40.35479452,41.75890411,36.11506849,38.49863014